{
    "Validation MSE": 0.6469391802092045,
    "Validation MAE": 0.5176401031081742,
    "Validation R2": 0.17762908269229682,
    "Test MSE": 0.48599875664807207,
    "Test MAE": 0.4403241591066928,
    "Test R2": 0.28683635567567145
}